Zipcode ID,Census Year,WA Zipcode,Median Household Income,Income Per Capita,Population
0,2020,98901,45062,22108,31425
1,2020,98237,58063,29153,4762
2,2020,98201,59357,34624,30645
3,2020,98021,129215,55780,33382
4,2020,98203,80556,37589,35901
5,2020,98275,102818,52980,21432
6,2020,98236,85943,43991,6140
7,2020,98221,77036,44908,22290
8,2020,98516,83249,39444,25332
9,2020,98837,60793,27815,43952
10,2020,98579,77108,31795,12845
11,2020,98233,65336,32481,16324
12,2020,98271,83047,38363,28473
13,2020,98037,82667,35570,29977
14,2020,98026,98415,50397,38292
15,2020,99026,81701,35411,8714
16,2020,98502,74031,37967,35307
17,2020,98087,87320,36303,41594
18,2020,98125,78263,47074,44030
19,2020,98001,88962,35620,34455
20,2020,98115,117038,66166,55519
21,2020,98020,95682,66367,19010
22,2020,98260,86027,46990,6024
23,2020,98503,66021,31904,42119
24,2020,98501,78324,37728,43584
25,2020,98208,90844,38008,58211
26,2020,98296,143106,52416,30781
27,2020,98312,68195,34277,30437
28,2020,98036,82684,39797,40784
29,2020,98204,57318,27751,44152
30,2020,98902,47283,22314,46728
31,2020,98908,67016,34397,37004
32,2020,99163,33977,22345,36052
33,2020,99205,56467,27798,43707
34,2020,98392,69583,37103,3059
35,2020,98272,95190,35153,30801
36,2020,98382,56392,36327,29214
37,2020,98345,47650,41433,339
38,2020,98513,87145,37916,36473
39,2020,98038,114804,46264,36157
40,2020,98270,84957,34906,52307
41,2020,98031,82241,33041,38163
42,2020,98155,107109,48252,35420
43,2020,98370,85299,42643,32044
44,2020,98290,104091,45197,37077
45,2020,98052,136208,66354,71940
46,2020,98029,134424,70589,29956
47,2020,98632,51188,29443,52489
48,2020,98406,82732,45978,23052
49,2020,98926,59415,30152,34893
50,2020,98168,66237,29620,33217
51,2020,98329,95769,39684,11063
52,2020,98373,79943,36847,27196
53,2020,98074,196146,73438,29349
54,2020,98102,97374,81654,25887
55,2020,98595,53750,29566,2716
56,2020,98683,71835,40282,31676
57,2020,98011,103421,47663,34201
58,2020,99001,54489,18031,7330
59,2020,98075,188500,74994,24435
60,2020,98040,150506,95368,25820
61,2020,98292,84489,42170,23063
62,2020,98053,151525,77178,22911
63,2020,98110,125861,66883,24859
64,2020,98032,62620,30669,38478
65,2020,98112,122388,100899,25694
66,2020,98122,81308,64120,41152
67,2020,98116,121967,70540,28705
68,2020,98002,59097,28275,33947
69,2020,98822,47000,27598,1798
70,2020,98498,72711,35619,28764
71,2020,98391,104406,44313,52686
72,2020,98106,74608,40311,27997
73,2020,98402,57083,40289,6920
74,2020,98008,131952,63732,25650
75,2020,98663,62835,32663,15406
76,2020,99212,59643,31615,21191
77,2020,98033,137378,80189,39802
78,2020,98144,87098,60209,33175
79,2020,98446,85875,35594,11945
80,2020,98107,102436,73797,28025
81,2020,98059,109565,50115,40693
82,2020,98367,88722,38866,30447
83,2020,98225,53093,30897,51606
84,2020,98661,59466,34016,48485
85,2020,99354,71546,35166,23891
86,2020,98004,142173,99774,37265
87,2020,98282,85811,47143,17073
88,2020,98801,62595,32671,43799
89,2020,98103,105480,66220,54194
90,2020,98178,84820,41777,26507
91,2020,98258,96165,37009,33545
92,2020,98684,71667,32559,31805
93,2020,98686,86543,37997,20059
94,2020,98229,75099,37985,33548
95,2020,98580,80864,38015,11495
96,2020,98332,102352,58131,18940
97,2020,98101,91550,86176,14380
98,2020,98198,66938,35144,38699
99,2020,98177,125036,66503,20422
100,2020,98607,109621,47370,32897
101,2020,99338,117286,48844,18473
102,2020,98136,123042,68319,17083
103,2020,98366,70330,34620,35523
104,2020,98105,67449,46609,52290
105,2020,98058,92216,39504,43482
106,2020,98012,118544,47639,70009
107,2020,98166,87882,51304,21772
108,2020,99352,81471,44075,32246
109,2020,98118,85541,43201,49702
110,2020,98604,86980,35523,37333
111,2020,98685,106059,48872,29788
112,2020,98121,118270,94272,20534
113,2020,99362,60413,30221,41779
114,2020,98045,111767,52834,15174
115,2020,98006,156382,69008,37473
116,2020,98034,100955,52343,45009
117,2020,98056,95074,50903,36625
118,2020,98506,76835,42304,18404
119,2020,98030,71014,29912,37411
120,2020,98274,79127,38656,18346
121,2020,98335,109031,54714,27098
122,2020,98005,135225,75452,21414
123,2020,98674,75487,30634,14869
124,2020,98072,127724,62971,24865
125,2020,98524,93894,36853,4220
126,2020,98119,93014,77713,26898
127,2020,98065,150015,58033,15896
128,2020,98024,158168,59151,6635
129,2020,98374,88882,37478,44293
130,2020,98250,71567,52817,8318
131,2020,98117,131508,69807,36647
132,2020,98281,52692,52537,1100
133,2020,98327,93405,46678,9514
134,2020,98109,107330,84375,31011
135,2020,98077,160441,74887,14407
136,2020,98611,64829,28287,8803
137,2020,98230,69060,37448,17910
138,2020,98682,76299,32703,63768
139,2020,99336,52158,25696,52259
140,2020,98027,121620,63623,30240
141,2020,99208,65647,34547,55092
142,2020,98108,62530,35145,24034
143,2020,99202,47102,23019,21488
144,2020,98356,42386,20491,2016
145,2020,98368,56141,38934,16070
146,2020,98941,54917,29649,608
147,2020,98028,115093,56914,22953
148,2020,98042,105166,44170,49118
149,2020,98003,59560,30059,49445
150,2020,98383,88893,44396,22825
151,2020,98133,73702,44104,49476
152,2020,98199,134709,76110,23444
153,2020,98039,185163,125333,3283
154,2020,98055,80586,37198,24077
155,2020,98022,90223,45726,21296
156,2020,98273,64699,28874,31725
157,2020,98843,56168,28956,2185
158,2020,98930,52145,20032,15263
159,2020,98953,70689,26945,6461
160,2020,98372,81776,38380,26823
161,2020,98070,78368,51999,10400
162,2020,98465,59163,43560,6656
163,2020,98672,68594,36807,7256
164,2020,98662,71059,31716,33798
165,2020,98104,58018,53867,15155
166,2020,98466,74179,41049,29401
167,2020,98126,84934,52339,22681
168,2020,98802,71093,35709,31626
169,2020,98847,52442,22831,2295
170,2020,98546,75707,39908,3225
171,2020,98388,85083,37879,6682
172,2020,99224,66936,39917,22172
173,2020,98390,70374,36993,11155
174,2020,99337,77854,32752,32080
175,2020,99016,70635,39270,15437
176,2020,98584,60388,28294,37698
177,2020,98404,57813,24766,36749
178,2020,98532,66685,29359,25534
179,2020,99223,75933,45003,32750
180,2020,98444,52589,23776,35604
181,2020,98571,-666666666,15286,214
182,2020,98247,61213,26408,9105
183,2020,98443,95851,43541,5335
184,2020,98010,125652,54896,5882
185,2020,98407,86594,51427,21316
186,2020,98639,73145,35424,855
187,2020,98665,69524,33641,27260
188,2020,98007,101847,54729,28147
189,2020,98239,71121,40130,7679
190,2020,98380,95443,37253,4296
191,2020,98223,83116,39163,46027
192,2020,98512,78845,39300,30833
193,2020,99161,76625,39605,1278
194,2020,98232,88551,46984,4259
195,2020,98023,82566,35647,50176
196,2020,98092,96121,40607,48962
197,2020,98310,58636,31882,20431
198,2020,98349,73308,33668,5090
199,2020,98467,76904,38669,15381
200,2020,98311,80439,34501,28042
201,2020,98226,67142,35045,45380
202,2020,98922,61071,35616,7630
203,2020,98675,78047,32262,7604
204,2020,98277,61373,31514,38844
205,2020,98445,70241,30262,31973
206,2020,98620,48522,26674,7670
207,2020,98339,53239,29506,3277
208,2020,98220,88446,30359,839
209,2020,99169,52827,28446,2663
210,2020,98592,68371,30606,1740
211,2020,98360,89732,36703,14084
212,2020,98588,60781,45785,1489
213,2020,98333,125547,62108,3613
214,2020,98422,97106,43053,21732
215,2020,98936,78920,26586,6981
216,2020,98363,60147,30303,14295
217,2020,98146,80633,37947,27622
218,2020,98387,80272,30912,51305
219,2020,98664,67007,34096,23601
220,2020,99218,53125,29938,17417
221,2020,98261,63143,42841,2808
222,2020,98826,61470,36720,7624
223,2020,98158,-666666666,-666666666,0
224,2020,98648,63750,30052,3207
225,2020,99301,66678,26959,81583
226,2020,98408,58961,29821,20670
227,2020,98597,73664,30721,24968
228,2020,98855,38933,22366,6033
229,2020,99019,98453,46638,12244
230,2020,98340,64750,52252,3421
231,2020,98245,55160,47955,3767
232,2020,99204,41678,30756,7010
233,2020,98358,57083,43149,943
234,2020,99360,81029,32068,1569
235,2020,99216,50586,27658,26166
236,2020,98942,70660,33574,17454
237,2020,99217,62906,32018,18073
238,2020,98424,78243,33472,11524
239,2020,98264,72397,32390,21337
240,2020,98520,50022,24473,24936
241,2020,98303,62440,40050,1571
242,2020,98243,72560,39824,548
243,2020,98346,95103,46140,9273
244,2020,98377,39229,22963,1845
245,2020,98405,60255,31566,23671
246,2020,99201,27398,29079,13256
247,2020,98284,69994,31978,26268
248,2020,98014,118808,58563,7200
249,2020,98418,60649,31966,9644
250,2020,98371,81699,39767,21764
251,2020,98528,60415,29950,12812
252,2020,99004,58343,29338,21189
253,2020,98541,52029,26674,10858
254,2020,98403,61863,43146,8169
255,2020,98359,82870,37359,5065
256,2020,98252,84257,36940,9993
257,2020,98823,70472,29102,11740
258,2020,98642,97288,42545,20920
259,2020,98557,57589,25532,3384
260,2020,98248,71164,31368,26552
261,2020,98375,89202,30458,32349
262,2020,98148,70050,36668,11514
263,2020,98188,64206,34505,25292
264,2020,98043,80738,39711,21328
265,2020,98409,57922,28717,27918
266,2020,98660,50407,35430,12305
267,2020,98362,53743,30337,24997
268,2020,98249,76614,54443,4458
269,2020,98576,69033,30344,5196
270,2020,98944,48041,17122,24949
271,2020,98582,-666666666,36582,94
272,2020,99114,51875,27422,12866
273,2020,98019,142064,56247,11841
274,2020,99207,42913,21140,31020
275,2020,99027,63750,35744,5985
276,2020,98856,50625,31228,2612
277,2020,98328,90636,37249,10763
278,2020,99003,62477,35916,4110
279,2020,98569,47399,28269,6444
280,2020,98671,91505,42644,23116
281,2020,98365,74818,47617,4816
282,2020,99320,64547,28087,9696
283,2020,99403,53663,30220,20707
284,2020,98051,94453,40290,4386
285,2020,98626,59058,28680,25366
286,2020,99118,46563,25370,794
287,2020,99203,78655,47737,21359
288,2020,98244,42324,27376,3483
289,2020,99350,59536,27260,14208
290,2020,98354,76582,36200,7551
291,2020,98548,51198,29897,1989
292,2020,99353,105115,38196,16376
293,2020,98057,57598,40889,11534
294,2020,98816,56582,31852,6005
295,2020,98338,83394,34918,28999
296,2020,98577,59603,27325,7235
297,2020,98606,105417,45381,9203
298,2020,98850,52094,21074,1688
299,2020,98499,50037,27500,32174
300,2020,98257,70278,41485,4430
301,2020,99171,57917,27774,1018
302,2020,99021,72160,33945,9441
303,2020,98550,46622,27193,11307
304,2020,99006,59400,27663,13397
305,2020,99123,54493,27876,992
306,2020,98325,49313,27400,1321
307,2020,99323,69828,29997,4192
308,2020,98848,64893,22460,12427
309,2020,98629,100275,38238,8761
310,2020,98940,-666666666,76287,445
311,2020,98631,46186,27798,3055
312,2020,99181,52802,28160,1788
313,2020,98625,92770,43424,6516
314,2020,98337,55433,33678,7223
315,2020,98342,72955,42509,1276
316,2020,98862,59349,38985,2605
317,2020,98321,102135,43753,15976
318,2020,98563,63328,35005,7691
319,2020,99206,61615,30547,40510
320,2020,99328,65260,39441,3718
321,2020,98394,106190,51397,1331
322,2020,98570,65161,27244,4189
323,2020,99022,76775,30534,8718
324,2020,98276,73583,25993,713
325,2020,98531,45972,25495,26212
326,2020,98294,69458,31609,7310
327,2020,98650,61964,32666,1144
328,2020,98644,24821,25103,481
329,2020,98610,58574,25395,3199
330,2020,99005,103420,39115,9770
331,2020,98262,75294,51172,955
332,2020,99025,73021,33571,5510
333,2020,98612,56250,28920,3201
334,2020,99037,67189,36519,14589
335,2020,99036,123664,52427,1794
336,2020,98815,61672,31828,7210
337,2020,98603,61875,29947,961
338,2020,98537,60735,27892,2487
339,2020,98624,51786,30504,1889
340,2020,98568,60179,29860,2492
341,2020,98315,66736,22924,6825
342,2020,98645,79821,30983,1962
343,2020,98596,64896,36030,7579
344,2020,98253,81165,42461,1726
345,2020,98589,70040,31934,6955
346,2020,99357,53654,18625,4438
347,2020,98134,71607,33071,779
348,2020,98240,80474,37827,2934
349,2020,98433,44064,18387,20137
350,2020,99324,52403,30080,9739
351,2020,98651,107188,57718,1031
352,2020,98601,85000,29363,3266
353,2020,98605,71458,30271,1089
354,2020,98581,29960,23605,424
355,2020,98235,-666666666,25889,54
356,2020,98937,67170,30606,4354
357,2020,98050,142316,71594,523
358,2020,98640,49600,31014,4774
359,2020,98279,54107,43200,693
360,2020,99344,53328,19605,18400
361,2020,99170,54063,26657,1022
362,2020,98068,97607,63389,497
363,2020,99166,43730,29874,3022
364,2020,99133,41319,25733,1674
365,2020,99109,50953,29340,4948
366,2020,98361,41763,28521,696
367,2020,98946,59000,51675,454
368,2020,98903,56754,27152,15404
369,2020,98828,69362,33222,2046
370,2020,99341,58482,23961,687
371,2020,98932,59208,25407,5442
372,2020,99185,71477,34544,1299
373,2020,98591,64919,33110,3411
374,2020,98948,53108,17003,12601
375,2020,99330,65735,20105,1157
376,2020,98381,80952,34264,266
377,2020,99130,59444,24792,855
378,2020,99147,70208,44209,159
379,2020,99156,59333,29663,8755
380,2020,99134,35333,26014,531
381,2020,98047,64942,26677,7012
382,2020,98164,240573,130056,200
383,2020,98542,53250,18041,1080
384,2020,99347,56298,28301,2304
385,2020,98351,51109,34416,1619
386,2020,99326,72959,16981,6666
387,2020,98320,50711,29506,1357
388,2020,98288,50625,38941,225
389,2020,99029,77500,37792,1009
390,2020,98266,35274,15918,4014
391,2020,99115,54722,22931,1298
392,2020,98617,57772,30729,1138
393,2020,98950,-666666666,,33
394,2020,98844,43306,23042,4428
395,2020,98831,52070,27145,3529
396,2020,98841,48829,25786,9335
397,2020,98812,47717,17087,5227
398,2020,99343,55828,19961,3037
399,2020,98858,62645,33029,1838
400,2020,98614,40323,31770,142
401,2020,98251,73293,35438,4084
402,2020,98851,47643,23878,4783
403,2020,98947,51776,16132,3266
404,2020,99349,60500,20290,9184
405,2020,99101,58125,33026,1419
406,2020,99148,60195,37757,2057
407,2020,98331,40513,24446,6228
408,2020,98951,49238,19681,13473
409,2020,98638,49929,27433,1489
410,2020,98376,67773,35623,2176
411,2020,99402,54250,34638,1597
412,2020,98925,57031,56809,477
413,2020,99011,60133,20356,3464
414,2020,98438,-666666666,25206,610
415,2020,98647,-666666666,16563,256
416,2020,98555,56000,43202,243
417,2020,98832,50625,24583,230
418,2020,98857,42591,20586,3534
419,2020,99122,58482,27717,4338
420,2020,98635,50134,28339,1586
421,2020,99141,54957,30232,5898
422,2020,98586,45446,24328,1763
423,2020,98421,-666666666,28880,1346
424,2020,98840,50788,23610,4571
425,2020,98830,51771,30376,492
426,2020,98846,66622,28130,1317
427,2020,98295,80121,26389,2884
428,2020,99119,54565,30815,1294
429,2020,98304,55556,25609,1029
430,2020,99009,60469,27589,4423
431,2020,98323,84038,38280,757
432,2020,99030,66375,39130,905
433,2020,99018,50000,22484,279
434,2020,98834,61111,51131,234
435,2020,98241,45089,27373,1941
436,2020,98564,45109,29033,2394
437,2020,99034,-666666666,10503,88
438,2020,98439,38415,19808,5260
439,2020,98849,44632,21529,1216
440,2020,98547,42532,28742,1420
441,2020,99173,43627,18638,1577
442,2020,98616,64250,31398,103
443,2020,99125,44875,24907,603
444,2020,99138,39107,22371,1084
445,2020,98814,53298,30531,739
446,2020,98396,82031,41057,749
447,2020,99111,55696,29821,4202
448,2020,98952,47837,15764,2125
449,2020,99167,56818,33106,710
450,2020,98357,48250,21286,1638
451,2020,99116,58819,35130,1672
452,2020,98286,66667,63020,181
453,2020,98267,-666666666,17093,262
454,2020,98224,46250,32316,243
455,2020,99031,75653,34567,1270
456,2020,98585,53125,33033,630
457,2020,98590,90898,36573,491
458,2020,98670,25417,20081,37
459,2020,98938,60199,19567,2178
460,2020,98593,46850,20100,1232
461,2020,98934,51364,26725,995
462,2020,99023,119107,58028,641
463,2020,98833,69615,29847,137
464,2020,99137,36250,24796,357
465,2020,99126,62672,15677,1019
466,2020,98305,-666666666,21756,349
467,2020,98621,61979,38091,309
468,2020,99159,53242,29910,1403
469,2020,99180,47583,28846,1065
470,2020,98314,-666666666,27787,3270
471,2020,98355,-666666666,25035,846
472,2020,98526,55417,23163,198
473,2020,98649,54087,25594,860
474,2020,98538,52813,24661,378
475,2020,98533,53894,29729,451
476,2020,99135,60000,27265,374
477,2020,99361,68125,36038,1795
478,2020,99008,45208,41183,470
479,2020,99032,61484,31766,698
480,2020,99033,60368,28375,927
481,2020,98572,63523,25434,925
482,2020,99013,47500,18130,1856
483,2020,98562,-666666666,,49
484,2020,98263,97813,43159,49
485,2020,98619,48889,33026,613
486,2020,99113,62308,31593,600
487,2020,98385,88625,36973,362
488,2020,98326,40753,23341,840
489,2020,98283,75165,28092,350
490,2020,98530,50417,18724,608
491,2020,98535,-666666666,24290,614
492,2020,98583,41964,23175,97
493,2020,98845,46875,21976,266
494,2020,99121,-666666666,30447,327
495,2020,99110,55341,24536,1724
496,2020,98575,63958,26913,122
497,2020,99356,61042,24678,165
498,2020,98297,31875,24906,66
499,2020,99129,37019,19336,671
500,2020,98943,47697,28166,1032
501,2020,98613,68500,30734,407
502,2020,99012,59375,25167,1006
503,2020,99017,33750,16688,131
504,2020,98641,-666666666,,22
505,2020,98536,-666666666,25179,61
506,2020,98587,39821,17065,784
507,2020,98643,86458,32468,355
508,2020,98853,-666666666,,14
509,2020,98527,39375,25036,227
510,2020,98560,86467,55618,104
511,2020,99131,60179,37053,218
512,2020,99348,64243,28400,1538
513,2020,98336,64712,23218,824
514,2020,98935,50956,15555,4398
515,2020,99179,71375,40047,458
516,2021,98901,49430,24402,31873
517,2021,98237,64383,31428,4474
518,2021,98201,65192,37184,30669
519,2021,98021,137534,60030,34359
520,2021,98203,88271,39898,36164
521,2021,98275,109738,57159,21409
522,2021,98236,85303,45005,6184
523,2021,98221,82638,49368,22707
524,2021,98516,85437,42772,26336
525,2021,98837,64347,30259,45729
526,2021,98579,83718,34191,13440
527,2021,98233,69572,35112,16615
528,2021,98271,90081,40023,29120
529,2021,98037,92357,38827,28938
530,2021,98026,104672,53437,39340
531,2021,99026,89226,38469,8521
532,2021,98502,78647,41756,35954
533,2021,98087,90749,38057,41958
534,2021,98125,82439,51315,43386
535,2021,98001,95605,40232,35297
536,2021,98115,128443,72682,53729
537,2021,98020,102266,74784,18594
538,2021,98260,87722,51016,5979
539,2021,98503,71964,34670,42023
540,2021,98501,84353,40217,46170
541,2021,98208,92578,40325,60087
542,2021,98296,152585,57641,27032
543,2021,98312,71163,36352,31762
544,2021,98036,85407,41851,41132
545,2021,98204,59506,30350,42496
546,2021,98902,51122,23964,45913
547,2021,98908,71908,34023,38936
548,2021,99163,33227,24269,34815
549,2021,99205,60676,29684,43901
550,2021,98392,73125,38473,3231
551,2021,98272,101637,39244,31517
552,2021,98382,62909,40732,30366
553,2021,98345,-666666666,48216,270
554,2021,98513,94038,41183,36117
555,2021,98038,124164,49236,37624
556,2021,98270,89380,37360,52756
557,2021,98031,89882,37992,41464
558,2021,98155,109731,52501,36081
559,2021,98370,92607,45083,33071
560,2021,98290,113108,50326,38516
561,2021,98052,149492,73284,75765
562,2021,98029,144880,79032,31480
563,2021,98632,55275,32268,50944
564,2021,98406,89659,50097,22708
565,2021,98926,61839,31365,32559
566,2021,98168,71977,32867,34614
567,2021,98329,110025,42478,11175
568,2021,98373,84334,37632,29283
569,2021,98074,207341,77144,30370
570,2021,98102,102466,86507,25396
571,2021,98595,56425,30888,2698
572,2021,98683,75458,42294,31969
573,2021,98011,107109,51473,27396
574,2021,99001,51897,19334,8400
575,2021,98075,216337,85431,25762
576,2021,98040,170000,101832,25506
577,2021,98292,93558,44102,24141
578,2021,98053,160208,85266,22857
579,2021,98110,145475,78542,24557
580,2021,98032,69437,34504,38985
581,2021,98112,133267,102595,24412
582,2021,98122,87418,71064,41541
583,2021,98116,124795,76374,27190
584,2021,98002,59742,29357,35915
585,2021,98822,69531,30613,1831
586,2021,98498,77905,38650,29062
587,2021,98391,111595,47781,55662
588,2021,98106,84506,45215,27489
589,2021,98402,55250,43726,6805
590,2021,98008,147788,69642,26091
591,2021,98663,68770,35986,15263
592,2021,99212,62798,33410,20395
593,2021,98033,149131,91615,39726
594,2021,98144,90239,66670,31648
595,2021,98446,89743,40310,13068
596,2021,98107,113531,81041,27116
597,2021,98059,113618,55653,41076
598,2021,98367,92961,42640,30710
599,2021,98225,55672,34601,50046
600,2021,98661,61579,35504,49822
601,2021,99354,75365,37787,25433
602,2021,98004,154403,107665,38632
603,2021,98282,85410,48126,17235
604,2021,98801,64480,33723,44861
605,2021,98103,113443,73070,52210
606,2021,98178,87788,43528,26282
607,2021,98258,102304,39547,51374
608,2021,98684,76644,34633,34394
609,2021,98686,92450,40786,20547
610,2021,98229,77804,40779,34182
611,2021,98580,91989,42258,11358
612,2021,98332,114261,58393,19722
613,2021,98101,96893,91425,14528
614,2021,98198,69833,36630,38919
615,2021,98177,138401,68719,20561
616,2021,98607,115408,50861,34674
617,2021,99338,118186,50191,17266
618,2021,98136,130978,71069,17245
619,2021,98366,76169,35843,36620
620,2021,98105,73343,53246,49448
621,2021,98058,98648,43590,42366
622,2021,98012,127852,52227,75045
623,2021,98166,102994,54914,22599
624,2021,99352,95389,49097,34772
625,2021,98118,94790,48632,48937
626,2021,98604,93107,36638,37041
627,2021,98685,112375,51919,30199
628,2021,98121,135823,100574,21010
629,2021,99362,61068,31772,42706
630,2021,98045,123651,57468,15611
631,2021,98006,170328,76548,39595
632,2021,98034,111002,56205,52841
633,2021,98056,95088,50334,36950
634,2021,98506,79833,44416,18232
635,2021,98030,77521,31632,39526
636,2021,98274,83463,40603,18052
637,2021,98335,110776,56244,28128
638,2021,98005,145152,79035,21603
639,2021,98674,81396,32597,15426
640,2021,98072,140906,70948,24931
641,2021,98524,99975,41716,4326
642,2021,98119,106245,84553,26094
643,2021,98065,162833,62055,15779
644,2021,98024,145750,57379,5503
645,2021,98374,94618,39559,42974
646,2021,98250,74364,57080,8568
647,2021,98117,146887,74563,36365
648,2021,98281,61447,57734,1210
649,2021,98327,98409,48502,9974
650,2021,98109,111059,90930,29376
651,2021,98077,164148,79238,13862
652,2021,98611,71580,31559,9478
653,2021,98230,73097,39320,18413
654,2021,98682,82858,34484,66229
655,2021,99336,53803,27348,51839
656,2021,98027,128556,71411,27808
657,2021,99208,69587,35706,57606
658,2021,98108,74985,39950,23759
659,2021,99202,50700,25504,20526
660,2021,98356,47847,22227,2350
661,2021,98368,57383,40095,16702
662,2021,98941,63947,34447,703
663,2021,98028,121463,62579,23556
664,2021,98042,113579,47268,48639
665,2021,98003,63289,31171,50501
666,2021,98383,92585,47111,22541
667,2021,98133,77602,47266,50153
668,2021,98199,148878,81915,22890
669,2021,98039,208500,136795,2928
670,2021,98055,83621,37943,24668
671,2021,98022,101591,50006,22007
672,2021,98273,65427,31654,30924
673,2021,98843,58381,38746,2066
674,2021,98930,58640,20274,14952
675,2021,98953,72449,28031,6684
676,2021,98372,85585,40674,27127
677,2021,98070,94123,56316,10886
678,2021,98465,65143,48163,7092
679,2021,98672,76513,43758,7062
680,2021,98662,77263,35151,36573
681,2021,98104,60955,54401,14469
682,2021,98466,81196,43085,29989
683,2021,98126,97368,58158,22030
684,2021,98802,73949,38162,31480
685,2021,98847,63764,28067,2780
686,2021,98546,79000,42149,2920
687,2021,98388,95316,41560,6975
688,2021,99224,67076,41023,23705
689,2021,98390,79561,38038,11413
690,2021,99337,81066,34262,32393
691,2021,99016,81348,40642,17913
692,2021,98584,64973,30819,37360
693,2021,98404,62741,26721,35357
694,2021,98532,72906,32520,26100
695,2021,99223,81947,47909,34013
696,2021,98444,55690,25911,35083
697,2021,98571,-666666666,,77
698,2021,98247,64186,28625,8068
699,2021,98443,105536,45721,5688
700,2021,98010,132540,61008,5963
701,2021,98407,94912,55452,20993
702,2021,98639,76250,33510,1177
703,2021,98665,71811,35915,27175
704,2021,98007,111361,60447,28576
705,2021,98239,74746,43554,7409
706,2021,98380,101550,39446,5753
707,2021,98223,93015,42636,45253
708,2021,98512,78161,41018,30251
709,2021,99161,83625,38878,1373
710,2021,98232,94737,47218,4030
711,2021,98023,87820,37515,51811
712,2021,98092,101725,42339,50845
713,2021,98310,62539,34206,21635
714,2021,98349,71058,31842,5272
715,2021,98467,86021,40993,15382
716,2021,98311,83772,37345,27170
717,2021,98226,70522,38155,45373
718,2021,98922,68365,42948,7162
719,2021,98675,85985,36342,7083
720,2021,98277,66552,32791,40112
721,2021,98445,75677,31834,32304
722,2021,98620,45792,28698,7711
723,2021,98339,57375,32108,3304
724,2021,98220,102014,37029,578
725,2021,99169,56090,29209,2643
726,2021,98592,75574,36472,1543
727,2021,98360,100078,40745,14591
728,2021,98588,74479,49683,1490
729,2021,98333,138175,75150,3534
730,2021,98422,103171,45509,22002
731,2021,98936,72432,25966,7589
732,2021,98363,62858,32219,14245
733,2021,98146,91667,43289,27879
734,2021,98387,84690,33441,52017
735,2021,98664,71607,36041,23141
736,2021,99218,59433,32410,15233
737,2021,98261,67938,44641,3034
738,2021,98826,70523,43431,7505
739,2021,98158,-666666666,-666666666,0
740,2021,98648,72333,31416,3283
741,2021,99301,72990,28961,84124
742,2021,98408,64297,29650,22016
743,2021,98597,82341,33946,26222
744,2021,98855,42878,23993,5870
745,2021,99019,100729,44370,12261
746,2021,98340,72125,54529,3017
747,2021,98245,59527,51707,4122
748,2021,99204,45520,35043,7375
749,2021,98358,81125,50067,924
750,2021,99360,71442,27959,1460
751,2021,99216,56114,29858,27597
752,2021,98942,71175,32366,17949
753,2021,99217,68336,33561,19226
754,2021,98424,78257,34197,12019
755,2021,98264,80611,35907,22005
756,2021,98520,50510,24223,25064
757,2021,98303,85625,48032,1564
758,2021,98243,77813,69597,270
759,2021,98346,97139,46315,9371
760,2021,98377,43438,24391,2057
761,2021,98405,67144,34955,24053
762,2021,99201,31313,31335,14147
763,2021,98284,74173,33548,27159
764,2021,98014,123982,60420,7736
765,2021,98418,64934,34350,9813
766,2021,98371,90797,41305,22741
767,2021,98528,64086,33301,13082
768,2021,99004,56554,30479,21836
769,2021,98541,57378,29203,10343
770,2021,98403,73025,50399,8441
771,2021,98359,85714,37885,4991
772,2021,98252,86884,36633,10246
773,2021,98823,71987,30973,12514
774,2021,98642,101314,45130,22934
775,2021,98557,63815,27422,3650
776,2021,98248,80716,34882,26404
777,2021,98375,94098,33664,31973
778,2021,98148,77490,38933,11068
779,2021,98188,71223,38041,27524
780,2021,98043,87920,44533,21265
781,2021,98409,58619,29134,28403
782,2021,98660,57049,41595,12917
783,2021,98362,57858,32577,24462
784,2021,98249,82474,60360,4229
785,2021,98576,82419,32209,5277
786,2021,98944,50859,18021,25194
787,2021,98582,112778,44646,177
788,2021,99114,51713,28544,13134
789,2021,98019,145655,56356,11290
790,2021,99207,46659,24671,32732
791,2021,99027,69275,37173,5832
792,2021,98856,63582,30907,2595
793,2021,98328,101691,40356,10505
794,2021,99003,63662,37254,4147
795,2021,98569,54083,30958,6826
796,2021,98671,97692,44404,23782
797,2021,98365,79697,52172,4779
798,2021,99320,70889,30077,9756
799,2021,99403,56872,33222,20492
800,2021,98051,98049,39919,4272
801,2021,98626,64782,29446,26579
802,2021,99118,-666666666,27591,811
803,2021,99203,85516,50143,21500
804,2021,98244,68750,34202,3244
805,2021,99350,63392,26901,14101
806,2021,98354,82125,38424,8185
807,2021,98548,55557,33815,2197
808,2021,99353,110284,40842,17685
809,2021,98057,62469,44841,12351
810,2021,98816,63435,39384,6219
811,2021,98338,91202,37184,31996
812,2021,98577,62924,29638,7121
813,2021,98606,119709,48360,9551
814,2021,98850,58289,19784,1924
815,2021,98499,55053,30259,33589
816,2021,98257,73469,44503,4513
817,2021,99171,61000,28158,941
818,2021,99021,73866,32559,10139
819,2021,98550,48361,28164,11691
820,2021,99006,62126,30928,13649
821,2021,99123,76563,37329,1031
822,2021,98325,52315,30329,1737
823,2021,99323,85131,33924,4494
824,2021,98848,68090,22966,12782
825,2021,98629,103119,38293,8872
826,2021,98940,70698,43439,445
827,2021,98631,51591,33339,3458
828,2021,99181,56394,28441,2143
829,2021,98625,96449,45655,6397
830,2021,98337,59795,35518,8582
831,2021,98342,78194,49732,1331
832,2021,98862,61302,44222,2546
833,2021,98321,111867,47933,16749
834,2021,98563,66949,35642,7636
835,2021,99206,64261,31477,42139
836,2021,99328,68073,42895,3616
837,2021,98394,140769,57182,1186
838,2021,98570,62627,26567,4674
839,2021,99022,82259,31263,8740
840,2021,98276,67109,28584,1397
841,2021,98531,50009,27528,26501
842,2021,98294,72600,31610,6936
843,2021,98650,74141,38841,1133
844,2021,98644,29112,30940,628
845,2021,98610,73906,31524,2932
846,2021,99005,107857,39254,11159
847,2021,98262,61250,50140,887
848,2021,99025,89615,36763,5910
849,2021,98612,57869,31347,3209
850,2021,99037,69928,35197,15647
851,2021,99036,129567,59160,1549
852,2021,98815,63137,33674,7451
853,2021,98603,70764,27530,1307
854,2021,98537,68571,30714,2688
855,2021,98624,70081,33858,1994
856,2021,98568,62000,30089,2549
857,2021,98315,75068,23837,6407
858,2021,98645,85000,38656,2137
859,2021,98596,71554,35588,7856
860,2021,98253,85171,47017,2275
861,2021,98589,76438,34069,7699
862,2021,99357,61495,20187,4047
863,2021,98134,64375,36222,808
864,2021,98240,87467,41960,3328
865,2021,98433,48990,19824,19771
866,2021,99324,59127,30159,10045
867,2021,98651,93000,57802,1035
868,2021,98601,96000,33319,3237
869,2021,98605,63295,32929,1245
870,2021,98581,38245,28291,402
871,2021,98235,53587,23628,368
872,2021,98937,67331,30404,4483
873,2021,98050,-666666666,-666666666,0
874,2021,98640,51497,36560,4694
875,2021,98279,56000,47592,689
876,2021,99344,54712,20636,19198
877,2021,99170,57583,30967,980
878,2021,98068,104476,72262,551
879,2021,99166,50066,32994,2934
880,2021,99133,43194,28298,1440
881,2021,99109,50944,31399,4743
882,2021,98361,39022,37103,469
883,2021,98946,59028,50517,310
884,2021,98903,57279,25552,17577
885,2021,98828,89286,38811,2002
886,2021,99341,63214,25807,639
887,2021,98932,61488,27352,5109
888,2021,99185,68333,39683,1235
889,2021,98591,72679,35658,3582
890,2021,98948,56750,17930,12972
891,2021,99330,54175,20040,1183
892,2021,98381,78750,31738,235
893,2021,99130,61563,24908,791
894,2021,99147,78333,54209,161
895,2021,99156,65528,31805,8901
896,2021,99134,38819,27405,572
897,2021,98047,68965,28775,7024
898,2021,98164,250001,175893,250
899,2021,98542,78929,25403,669
900,2021,99347,51302,27934,2367
901,2021,98351,78667,46465,1375
902,2021,99326,72738,16992,6116
903,2021,98320,49732,29054,1456
904,2021,98288,-666666666,35670,254
905,2021,99029,57679,34372,1240
906,2021,98266,39710,18151,4373
907,2021,99115,48333,22706,1261
908,2021,98617,59315,26857,1100
909,2021,98950,-666666666,,29
910,2021,98844,39831,23461,4736
911,2021,98831,55503,39437,3691
912,2021,98841,50773,24862,9135
913,2021,98812,51981,17615,5403
914,2021,99343,70313,23740,2660
915,2021,98858,59818,34925,1747
916,2021,98614,60673,33725,364
917,2021,98251,68935,32946,4706
918,2021,98851,59443,25341,5212
919,2021,98947,54242,17978,3172
920,2021,99349,62778,22239,7856
921,2021,99101,64205,32673,1612
922,2021,99148,66500,39502,2318
923,2021,98331,43711,25516,5951
924,2021,98951,55724,20626,13061
925,2021,98638,51484,29311,1560
926,2021,98376,64321,37448,2044
927,2021,99402,58702,36610,1449
928,2021,98925,94844,57571,547
929,2021,99011,64223,23439,3343
930,2021,98438,-666666666,26198,576
931,2021,98647,16745,13032,236
932,2021,98555,-666666666,36271,350
933,2021,99141,53716,31216,5902
934,2021,98586,45439,25469,1863
935,2021,98421,-666666666,34113,950
936,2021,98840,54167,25702,4895
937,2021,98830,56944,32327,482
938,2021,98846,71735,29059,1277
939,2021,98295,82993,30014,2927
940,2021,99119,70714,36412,1491
941,2021,98304,80750,29485,1114
942,2021,99009,66932,27326,4677
943,2021,98323,109000,47535,644
944,2021,99030,51667,40823,633
945,2021,99018,52125,25634,277
946,2021,98834,64444,55980,278
947,2021,98241,53413,30157,1854
948,2021,98564,48450,27925,2684
949,2021,99034,-666666666,21813,231
950,2021,98439,42198,18609,6095
951,2021,98849,39583,22083,1164
952,2021,98547,33409,30636,1317
953,2021,99173,55893,20103,1638
954,2021,98616,93182,39292,117
955,2021,99125,49063,25351,647
956,2021,99138,41136,20944,1152
957,2021,98814,58750,41625,690
958,2021,98396,92321,44020,620
959,2021,99111,58949,31179,4057
960,2021,98952,45313,15086,1956
961,2021,99167,60970,39456,732
962,2021,98357,50450,22883,1547
963,2021,99116,62303,37727,1706
964,2021,98286,67344,39643,188
965,2021,98267,-666666666,20834,250
966,2021,98224,65417,36233,203
967,2021,99031,87014,35373,1313
968,2021,98585,-666666666,34086,610
969,2021,98590,95898,35178,539
970,2021,98670,38542,24163,48
971,2021,98938,40625,15906,2401
972,2021,98593,52375,23179,1247
973,2021,98934,56500,31002,1046
974,2021,99023,159519,62655,883
975,2021,98833,68594,30275,149
976,2021,99137,41875,26932,413
977,2021,99126,34886,17137,765
978,2021,98305,-666666666,30663,298
979,2021,98621,54048,28774,228
980,2021,99159,56274,33511,1341
981,2021,99180,48958,28920,791
982,2021,98314,189375,30488,1773
983,2021,98355,21830,18423,792
984,2021,98526,65000,26114,206
985,2021,98649,55337,26423,726
986,2021,98538,68929,41356,417
987,2021,98533,42238,28217,524
988,2021,99135,77824,29990,406
989,2021,99361,74625,35330,1680
990,2021,99008,60900,45788,401
991,2021,99032,67644,32049,826
992,2021,99033,53214,29339,882
993,2021,98572,57083,25306,884
994,2021,99013,41250,19043,1436
995,2021,98562,-666666666,,43
996,2021,98263,104688,34402,196
997,2021,98619,57250,31275,609
998,2021,99113,72969,33030,559
999,2021,98385,109107,63483,462
1000,2021,98326,40888,25649,931
1001,2021,98283,63917,24310,499
1002,2021,98530,57292,21131,551
1003,2021,98535,-666666666,22518,598
1004,2021,98583,43214,15611,120
1005,2021,98845,52500,25080,270
1006,2021,99121,-666666666,35248,272
1007,2021,99110,58558,26356,1656
1008,2021,98575,67361,30932,117
1009,2021,99356,51250,42469,252
1010,2021,98297,38500,48010,59
1011,2021,99129,38125,27070,625
1012,2021,98943,70357,32589,792
1013,2021,98613,86500,35644,560
1014,2021,99012,57121,23546,1081
1015,2021,99017,50000,27140,167
1016,2021,98641,-666666666,40804,114
1017,2021,98536,-666666666,-666666666,0
1018,2021,98587,40313,18851,810
1019,2021,98643,64063,28085,414
1020,2021,98853,-666666666,20886,116
1021,2021,98527,41750,31484,237
1022,2021,98560,90521,42836,98
1023,2021,99131,31985,30175,132
1024,2021,99348,66786,28447,1657
1025,2021,98609,-666666666,-666666666,0
1026,2021,98336,66875,25557,693
1027,2021,98935,60208,18513,4347
1028,2021,99179,73333,49773,500
1029,2022,98901,55536,25237,33106
1030,2022,98237,68929,31650,4979
1031,2022,98201,71313,41730,30587
1032,2022,98021,155891,67017,34993
1033,2022,98203,96351,44288,36448
1034,2022,98275,123036,62514,21365
1035,2022,98236,91328,47720,6790
1036,2022,98221,90007,52651,22969
1037,2022,98516,89378,44259,27212
1038,2022,98837,66883,32152,46959
1039,2022,98579,91493,35279,14259
1040,2022,98233,76590,39928,16952
1041,2022,98271,98279,42888,30262
1042,2022,98037,98570,42106,29720
1043,2022,98026,118151,59741,39035
1044,2022,99026,93534,42892,8828
1045,2022,98502,85540,46116,35551
1046,2022,98087,102896,44471,41849
1047,2022,98125,89983,59167,43993
1048,2022,98001,103338,44341,35842
1049,2022,98115,141013,80879,54457
1050,2022,98020,111803,83004,19323
1051,2022,98260,94309,56915,5434
1052,2022,98503,78508,37652,42263
1053,2022,98501,92005,44020,46796
1054,2022,98208,98805,45311,60723
1055,2022,98296,171445,63610,27436
1056,2022,98312,78664,41205,32288
1057,2022,98036,90770,46971,42164
1058,2022,98204,63738,33948,41709
1059,2022,98902,56655,26887,45929
1060,2022,98908,77767,36443,38671
1061,2022,99163,43316,28499,33829
1062,2022,99205,69055,33136,44216
1063,2022,98392,80673,42547,3203
1064,2022,98272,109051,43501,31866
1065,2022,98382,69261,43747,30777
1066,2022,98345,128221,63531,284
1067,2022,98513,99787,43730,36988
1068,2022,98038,135304,53372,37877
1069,2022,98270,98912,40203,52794
1070,2022,98031,98657,42893,41615
1071,2022,98155,124531,60548,35550
1072,2022,98370,103323,51171,32862
1073,2022,98290,123819,55510,39873
1074,2022,98052,158457,82929,77324
1075,2022,98029,156427,84699,31227
1076,2022,98632,61352,35400,50837
1077,2022,98406,96755,53109,22994
1078,2022,98926,65551,35423,32327
1079,2022,98168,77935,36579,35050
1080,2022,98329,103750,45027,11223
1081,2022,98373,93201,42388,30096
1082,2022,98074,229104,85759,31026
1083,2022,98102,114026,99103,25827
1084,2022,98595,59087,32762,2814
1085,2022,98683,80946,46103,31504
1086,2022,98011,124418,60001,27573
1087,2022,99001,53517,21604,8684
1088,2022,98075,234261,96356,25202
1089,2022,98040,190985,113575,25464
1090,2022,98292,96627,46719,25757
1091,2022,98053,171822,93704,22765
1092,2022,98110,151290,86747,24681
1093,2022,98032,76683,38562,39126
1094,2022,98112,153204,118391,23456
1095,2022,98122,94548,81769,41268
1096,2022,98116,129924,81954,27871
1097,2022,98002,68040,33306,36812
1098,2022,98822,83000,38981,1983
1099,2022,98498,84878,48511,28256
1100,2022,98391,122822,52478,56646
1101,2022,98106,94762,50946,28243
1102,2022,98402,57486,47533,7088
1103,2022,98008,164219,76043,27060
1104,2022,98663,77518,40940,15365
1105,2022,99212,67975,35701,21013
1106,2022,98033,163786,102001,40425
1107,2022,98144,97953,74742,32540
1108,2022,98446,95926,42658,13821
1109,2022,98107,131559,90787,28170
1110,2022,98059,126846,62388,41619
1111,2022,98367,100428,45564,31186
1112,2022,98225,61679,38898,49667
1113,2022,98661,70277,40422,49910
1114,2022,99354,85919,41346,25676
1115,2022,98004,157784,117764,39161
1116,2022,98282,97632,51349,17642
1117,2022,98801,70800,37987,44801
1118,2022,98103,122656,84147,51878
1119,2022,98178,96875,48601,26760
1120,2022,98258,113684,44831,50582
1121,2022,98684,81493,37374,36931
1122,2022,98686,101174,46805,20518
1123,2022,98229,87946,46105,34157
1124,2022,98580,106726,48286,11455
1125,2022,98332,122869,66541,19708
1126,2022,98101,111099,104261,16302
1127,2022,98198,76062,40623,38942
1128,2022,98177,153542,76323,21114
1129,2022,98607,125650,56311,34877
1130,2022,99338,120020,51961,18312
1131,2022,98136,144659,80840,17420
1132,2022,98366,85630,40671,37437
1133,2022,98105,75214,58469,50302
1134,2022,98058,106611,48549,42046
1135,2022,98012,139474,58143,75555
1136,2022,98166,105013,60283,22418
1137,2022,99352,96615,53092,35618
1138,2022,98118,106930,55109,48874
1139,2022,98604,102933,40958,37212
1140,2022,98685,121063,57667,30534
1141,2022,98121,142926,110372,20562
1142,2022,99362,63778,35063,43028
1143,2022,98045,154803,70108,15412
1144,2022,98006,185991,84234,39753
1145,2022,98034,119806,62656,52636
1146,2022,98056,102196,54164,36116
1147,2022,98506,88512,48203,18968
1148,2022,98030,85188,34364,38798
1149,2022,98274,88494,43797,18360
1150,2022,98335,119986,63748,28002
1151,2022,98005,151297,87533,22030
1152,2022,98674,86937,35350,15679
1153,2022,98072,157963,79154,25034
1154,2022,98524,107679,43984,4226
1155,2022,98119,112865,91888,25906
1156,2022,98065,175750,72625,15960
1157,2022,98024,149044,64454,5066
1158,2022,98374,106157,43548,45555
1159,2022,98250,83929,65018,8953
1160,2022,98117,166029,88179,36115
1161,2022,98281,74400,73318,1249
1162,2022,98327,106695,50942,9955
1163,2022,98109,124408,104635,32251
1164,2022,98077,169573,79258,14287
1165,2022,98611,83207,35206,9341
1166,2022,98230,79789,41146,18605
1167,2022,98682,88697,38792,66821
1168,2022,99336,59688,29725,51329
1169,2022,98027,140556,77106,27915
1170,2022,99208,77241,42071,58172
1171,2022,98108,90179,46395,23762
1172,2022,99202,57083,28613,20829
1173,2022,98356,53139,27157,2367
1174,2022,98368,61924,43442,17046
1175,2022,98941,64500,41980,827
1176,2022,98028,132191,67261,23611
1177,2022,98042,122709,51663,49338
1178,2022,98003,67547,34070,51329
1179,2022,98383,105580,50901,22764
1180,2022,98133,85059,52308,50921
1181,2022,98199,168132,92319,22359
1182,2022,98039,244740,156124,2923
1183,2022,98055,90525,43779,24429
1184,2022,98022,112818,57964,22163
1185,2022,98273,71498,34784,30430
1186,2022,98843,63476,51752,2243
1187,2022,98930,66806,23306,15089
1188,2022,98953,79922,31249,7043
1189,2022,98372,94144,44664,26470
1190,2022,98070,103222,61597,10939
1191,2022,98465,73259,53769,7528
1192,2022,98672,86250,50440,6997
1193,2022,98662,86171,39877,37064
1194,2022,98104,63621,53546,15052
1195,2022,98466,89047,47858,30405
1196,2022,98126,108072,65505,21102
1197,2022,98802,88816,43048,31801
1198,2022,98847,63917,33078,2481
1199,2022,98546,89000,45202,2965
1200,2022,98388,94708,46596,7051
1201,2022,99224,73250,44829,24455
1202,2022,98390,85099,43281,11482
1203,2022,99337,88593,37761,32581
1204,2022,99016,94883,44317,19620
1205,2022,98584,69489,33761,38615
1206,2022,98404,72642,31452,36025
1207,2022,98532,80985,36205,26624
1208,2022,99223,87133,52063,34868
1209,2022,98444,60855,28526,35366
1210,2022,98571,-666666666,,76
1211,2022,98247,72240,29929,8468
1212,2022,98443,110313,47622,5899
1213,2022,98010,141579,67391,6128
1214,2022,98407,103900,61300,21050
1215,2022,98639,79375,35268,1146
1216,2022,98665,77604,38156,27947
1217,2022,98007,118634,66809,27571
1218,2022,98239,85735,46665,7634
1219,2022,98380,108895,44402,5582
1220,2022,98223,97344,45560,46117
1221,2022,98512,85928,45535,30784
1222,2022,99161,89167,41516,1366
1223,2022,98232,102841,52800,3939
1224,2022,98023,98057,41784,50778
1225,2022,98092,112735,47015,50679
1226,2022,98310,68247,37471,21692
1227,2022,98349,90000,48054,5050
1228,2022,98467,89849,43758,15140
1229,2022,98311,95595,41940,27527
1230,2022,98226,71943,42017,45703
1231,2022,98922,69542,49978,7577
1232,2022,98675,95217,37920,7198
1233,2022,98277,72441,36517,40181
1234,2022,98445,85403,35660,33252
1235,2022,98620,55507,33288,7584
1236,2022,98339,77143,35979,3295
1237,2022,98220,138452,42113,577
1238,2022,99169,68487,34536,2494
1239,2022,98592,92813,50842,1848
1240,2022,98360,109430,44413,14976
1241,2022,98588,56122,48398,1564
1242,2022,98333,157566,84382,3644
1243,2022,98422,111991,50102,22066
1244,2022,98936,92860,32061,7787
1245,2022,98363,65264,35789,14284
1246,2022,98146,101051,47291,28088
1247,2022,98387,94340,36008,51384
1248,2022,98664,78373,41987,23395
1249,2022,99218,65743,35573,16305
1250,2022,98261,73077,48631,3112
1251,2022,98826,80742,49316,7689
1252,2022,98158,-666666666,-666666666,0
1253,2022,98648,94808,39843,3488
1254,2022,99301,77999,32299,85210
1255,2022,98408,76502,35706,21438
1256,2022,98597,88965,37541,25982
1257,2022,98855,48029,27100,5806
1258,2022,99019,106719,50666,12245
1259,2022,98340,95106,60561,2692
1260,2022,98245,67734,58077,4088
1261,2022,99204,47949,38563,7189
1262,2022,98358,71389,51731,882
1263,2022,99360,72115,26768,1400
1264,2022,99216,62244,33212,27302
1265,2022,98942,74990,35302,18047
1266,2022,99217,71078,37083,19533
1267,2022,98424,90317,37321,12026
1268,2022,98264,90147,41251,22334
1269,2022,98520,56600,28544,24989
1270,2022,98303,92933,73851,1621
1271,2022,98243,82279,83631,297
1272,2022,98346,106038,47544,9973
1273,2022,98377,50000,32328,2392
1274,2022,98405,72606,37975,24264
1275,2022,99201,34462,35487,14246
1276,2022,98284,80326,36937,27688
1277,2022,98014,149028,64239,7626
1278,2022,98418,73264,37642,10082
1279,2022,98371,99397,45588,22983
1280,2022,98528,80747,40098,12393
1281,2022,99004,60939,31881,22210
1282,2022,98541,64271,32269,10004
1283,2022,98403,81330,57098,8613
1284,2022,98359,90858,39630,4889
1285,2022,98252,91266,39313,9905
1286,2022,98823,67031,28787,12638
1287,2022,98642,110319,51688,25005
1288,2022,98557,75859,32150,4144
1289,2022,98248,86334,40645,27147
1290,2022,98375,103622,37473,32595
1291,2022,98148,81431,41892,10652
1292,2022,98188,77722,38727,27523
1293,2022,98043,96085,50367,21347
1294,2022,98409,65245,34196,28645
1295,2022,98660,62422,47699,13146
1296,2022,98362,65178,36903,24544
1297,2022,98249,95250,67203,4372
1298,2022,98576,88105,33351,5099
1299,2022,98944,57928,20467,25176
1300,2022,98582,82178,60195,236
1301,2022,99114,58350,30992,12948
1302,2022,98019,149479,59623,11281
1303,2022,99207,53414,27272,32219
1304,2022,99027,67207,41101,5973
1305,2022,98856,69896,36976,2497
1306,2022,98328,113674,43293,10451
1307,2022,99003,69295,41154,4413
1308,2022,98569,54390,33341,6945
1309,2022,98671,102050,47643,23871
1310,2022,98365,93167,61281,5259
1311,2022,99320,71154,31234,10023
1312,2022,99403,60657,35383,20425
1313,2022,98051,110296,41995,3827
1314,2022,98626,69423,32000,27000
1315,2022,99118,49750,28541,997
1316,2022,99203,91735,53043,21984
1317,2022,98244,77557,35185,3284
1318,2022,99350,70164,29898,14287
1319,2022,98354,91338,42180,8146
1320,2022,98548,65979,41289,2593
1321,2022,99353,119463,43047,18264
1322,2022,98057,68293,47424,12774
1323,2022,98816,69531,41286,6901
1324,2022,98338,106587,41879,32522
1325,2022,98577,67212,32898,7371
1326,2022,98606,117143,51993,9528
1327,2022,98850,61389,21559,1749
1328,2022,98499,60726,33617,34207
1329,2022,98257,85097,50276,4484
1330,2022,99171,68269,31249,969
1331,2022,99021,78558,35000,10058
1332,2022,98550,53383,31601,12254
1333,2022,99006,64528,33552,13888
1334,2022,99123,65875,42266,852
1335,2022,98325,47390,32016,1481
1336,2022,99323,84819,35872,4219
1337,2022,98848,75753,25748,12959
1338,2022,98629,104673,40747,9783
1339,2022,98940,118298,102459,409
1340,2022,98631,56397,43477,3387
1341,2022,99181,56053,28643,1928
1342,2022,98625,105873,48971,6827
1343,2022,98337,69188,43405,8785
1344,2022,98342,90139,54709,1362
1345,2022,98862,57395,44174,3075
1346,2022,98321,122399,55478,16936
1347,2022,98563,68490,38870,7611
1348,2022,99206,70641,34499,42850
1349,2022,99328,69355,41467,3669
1350,2022,98394,-666666666,42248,1244
1351,2022,98570,67996,28806,4417
1352,2022,99022,87462,33873,9012
1353,2022,98276,76125,37130,1564
1354,2022,98531,57961,29894,26931
1355,2022,98294,79705,40382,7516
1356,2022,98650,78816,37673,1216
1357,2022,98644,31809,31889,657
1358,2022,98610,69271,31086,2846
1359,2022,99005,117653,44833,10457
1360,2022,98262,82500,53499,965
1361,2022,99025,112298,45880,5668
1362,2022,98612,63400,31907,3283
1363,2022,99037,77734,39220,15464
1364,2022,99036,140300,58307,1546
1365,2022,98815,70437,41037,7562
1366,2022,98603,76481,30264,1192
1367,2022,98537,70135,32044,3008
1368,2022,98624,82321,38948,1706
1369,2022,98568,73938,31485,2643
1370,2022,98315,76806,27091,6045
1371,2022,98645,98167,45059,2044
1372,2022,98596,75685,34761,7483
1373,2022,98253,70511,49427,2106
1374,2022,98589,87198,40311,7448
1375,2022,99357,65833,21781,3973
1376,2022,98134,65139,29668,852
1377,2022,98240,102602,46973,3426
1378,2022,98433,54797,22495,20342
1379,2022,99324,63628,32057,10076
1380,2022,98651,81071,70267,944
1381,2022,98601,105484,39722,2952
1382,2022,98605,77500,36169,1373
1383,2022,98581,41250,30694,425
1384,2022,98235,57826,21448,570
1385,2022,98937,70250,30586,4598
1386,2022,98050,-666666666,,73
1387,2022,98640,51332,39513,4944
1388,2022,98279,58906,48193,614
1389,2022,99344,62817,23049,19630
1390,2022,99170,61250,33548,955
1391,2022,98068,82250,63853,528
1392,2022,99166,60089,35591,2936
1393,2022,99133,59342,33770,1377
1394,2022,99109,55761,33363,4894
1395,2022,98361,55208,46495,420
1396,2022,98946,78194,49861,363
1397,2022,98903,62850,28402,17590
1398,2022,98828,76492,38347,2075
1399,2022,99341,67639,30273,736
1400,2022,98932,58929,28102,4868
1401,2022,99185,67644,36774,1385
1402,2022,98591,78065,39587,3667
1403,2022,98948,62401,19920,13015
1404,2022,99330,91444,53389,876
1405,2022,98381,72917,31357,282
1406,2022,99130,75000,32273,833
1407,2022,99147,81250,60009,152
1408,2022,99156,63868,35148,9132
1409,2022,99134,39097,29507,572
1410,2022,98047,98056,33595,7014
1411,2022,98164,250001,204060,239
1412,2022,98542,80875,25589,708
1413,2022,99347,57792,31257,2429
1414,2022,98351,130000,71091,1119
1415,2022,99326,68789,20238,5900
1416,2022,98320,52045,31033,1483
1417,2022,98288,55833,47493,180
1418,2022,99029,80125,34467,1747
1419,2022,98266,50980,23449,3983
1420,2022,99115,46343,23710,1224
1421,2022,98617,58450,33857,1039
1422,2022,98950,-666666666,31581,54
1423,2022,98844,42143,26166,4348
1424,2022,98831,60727,42743,3814
1425,2022,98841,66219,29818,9218
1426,2022,98812,59269,19654,5422
1427,2022,99343,68606,23180,3522
1428,2022,98858,70408,38008,1850
1429,2022,98614,68884,79253,532
1430,2022,98251,71175,33835,4703
1431,2022,98851,64810,26125,5196
1432,2022,98947,57143,23115,2786
1433,2022,99349,70911,32799,7531
1434,2022,99101,65714,35524,1635
1435,2022,99148,73750,43995,2358
1436,2022,98331,43597,27006,5671
1437,2022,98951,59828,21430,13145
1438,2022,98638,57072,33420,1561
1439,2022,98376,62206,40666,2109
1440,2022,99402,80769,56347,1594
1441,2022,98925,77946,64871,533
1442,2022,99011,67325,24783,3184
1443,2022,98438,-666666666,26058,560
1444,2022,98647,-666666666,17783,272
1445,2022,98555,63512,55221,238
1446,2022,98832,63438,28627,153
1447,2022,98857,54063,26816,3545
1448,2022,99122,76417,36606,4037
1449,2022,98635,56161,32350,1975
1450,2022,99141,60075,34644,6160
1451,2022,98586,47685,26364,1924
1452,2022,98421,-666666666,14227,790
1453,2022,98840,63179,29683,4775
1454,2022,98830,75455,34072,562
1455,2022,98846,77341,30342,1381
1456,2022,98295,91060,34311,3033
1457,2022,99119,66635,36466,1514
1458,2022,98304,74375,34367,925
1459,2022,99009,75492,28485,4868
1460,2022,98323,113021,55461,655
1461,2022,99030,70000,38468,592
1462,2022,99018,-666666666,23910,264
1463,2022,98834,68875,45779,245
1464,2022,98241,67717,30761,2150
1465,2022,98564,52383,29676,3106
1466,2022,99034,-666666666,21716,215
1467,2022,98439,44135,20990,5679
1468,2022,98849,52868,26810,1098
1469,2022,98547,39704,36874,1240
1470,2022,99173,50608,26532,1898
1471,2022,98616,-666666666,37522,79
1472,2022,99125,50658,23329,626
1473,2022,99138,40583,23436,1103
1474,2022,98814,79625,50033,688
1475,2022,98396,98438,42591,643
1476,2022,99111,61223,35965,4012
1477,2022,98952,53365,18982,1724
1478,2022,99167,65659,35521,720
1479,2022,98357,65208,27155,1550
1480,2022,99116,62794,41868,1538
1481,2022,98286,69750,39357,158
1482,2022,98267,-666666666,36914,160
1483,2022,98224,74432,49156,220
1484,2022,99031,88393,41076,1110
1485,2022,98585,69712,36913,580
1486,2022,98590,103341,37953,396
1487,2022,98670,41250,27633,61
1488,2022,98938,45529,20665,1946
1489,2022,98593,56641,25048,1449
1490,2022,98934,53214,37086,1033
1491,2022,99023,142083,55551,964
1492,2022,98833,78750,46305,153
1493,2022,99137,37500,27412,399
1494,2022,99126,-666666666,14566,952
1495,2022,98305,-666666666,35867,258
1496,2022,98621,69318,40016,257
1497,2022,99159,52750,36211,1186
1498,2022,99180,53451,32903,741
1499,2022,98314,204250,30452,1565
1500,2022,98355,-666666666,25903,749
1501,2022,98526,61250,25121,175
1502,2022,98649,79821,34754,849
1503,2022,98538,62500,46018,397
1504,2022,98533,36797,28388,630
1505,2022,99135,84896,31851,452
1506,2022,99361,81250,37923,1668
1507,2022,99008,67250,50031,439
1508,2022,99032,68036,31216,982
1509,2022,99033,54375,35057,790
1510,2022,98572,61875,26994,778
1511,2022,99013,45032,16715,1507
1512,2022,98562,-666666666,,78
1513,2022,98263,113750,38803,178
1514,2022,98619,71429,32182,659
1515,2022,99113,82292,41765,555
1516,2022,98385,118241,69895,464
1517,2022,98326,44321,23750,1066
1518,2022,98283,58309,21288,466
1519,2022,98530,61719,21641,558
1520,2022,98535,55563,33393,322
1521,2022,98583,47917,17709,144
1522,2022,98845,52171,28534,199
1523,2022,99121,-666666666,35199,332
1524,2022,99110,78536,34105,1465
1525,2022,98575,73750,34128,134
1526,2022,99356,50833,34141,331
1527,2022,98297,43000,54164,55
1528,2022,99129,41705,27380,690
1529,2022,98943,56400,31850,715
1530,2022,98613,94583,41669,602
1531,2022,99012,64659,25948,1111
1532,2022,99017,52188,27351,226
1533,2022,98641,-666666666,41773,55
1534,2022,98536,-666666666,-666666666,0
1535,2022,98587,46875,19338,959
1536,2022,98643,55776,27596,482
1537,2022,98853,-666666666,-666666666,0
1538,2022,98527,62083,66711,244
1539,2022,98560,65833,22358,76
1540,2022,99131,34081,31798,122
1541,2022,99348,74211,32056,1590
1542,2022,98609,-666666666,-666666666,0
1543,2022,98336,76250,30549,594
1544,2022,98935,60085,18814,4378
1545,2022,99179,78906,46052,568
